timestamp,file_path,yt_link,title
2025-11-06T00:10:05.334432,D:\yt\downloads\0a5024eadc4c409a9cd91dce47e8df96_proc_enhanced.mp4,https://youtube.com/watch?v=bNGAFFg-20I,katrina hot
2025-11-06T00:21:04.169370,D:\yt\downloads\da3bfd7377c44b14b930394d9feeb027_proc_enhanced.mp4,https://youtube.com/watch?v=L2534vUPhMo,jenna ortega hot
2025-11-06T00:23:17.807633,downloads\compilation_2_20251106_002104.mp4,https://youtube.com/watch?v=tJp-1q7lv9A,ðŸ”¥ 2 Shorts Compilation #1
2025-11-06T00:24:05.005141,D:\yt\downloads\6c63245cfb4f4c9a97f1f741adacde08_proc_enhanced.mp4,https://youtube.com/watch?v=riXLdDC_NbM,ananya pandya hot
2025-11-06T04:05:12.808452,D:\yt\downloads\e6919bf4bfc646c7ada4a6b53c45f027_proc_enhanced.mp4,https://youtube.com/watch?v=nKWRSXPE5yE,sruthi hassan hot
2025-11-06T04:14:22.535653,D:\yt\downloads\4b4dc0f0e1e447e48a8c89105be02390_proc_enhanced.mp4,https://youtube.com/watch?v=TaeY7Od8nsw,dhansree hot
2025-11-06T04:36:18.936442,D:\yt\downloads\1bc74c9d81f44067979ab306ae30d922_proc_enhanced.mp4,https://youtube.com/watch?v=oI3bZoNHU1E,mouni roy hot
2025-11-06T04:39:17.380481,D:\yt\downloads\a591995c1edf4749bf579ee53378819b_proc_enhanced.mp4,https://youtube.com/watch?v=mZBAIjTzKTA,hansubee hot
2025-11-06T04:45:43.653084,downloads\compilation_4_20251106_043917.mp4,https://youtube.com/watch?v=CmzjCQ6pHDM,ðŸ”¥ 4 Shorts Compilation #2
2025-11-06T05:25:14.663456,D:\yt\downloads\17163e71da594b22ac571e57cbaa3eca_proc_enhanced.mp4,https://youtube.com/watch?v=l8lAXcXvHw8,disha patani hot
2025-11-08T18:59:02.885582,D:\yt\downloads\29a3d5bb6e7241ff8276e743d92dc963_proc_enhanced.mp4,https://youtube.com/watch?v=pGiHFqsXRxY,anjali aurora hot
2025-11-08T19:06:24.735009,D:\yt\downloads\27db38a8db5b4f7096a24bc9a73652cc_proc_enhanced.mp4,https://youtube.com/watch?v=RMrqsHCM_yE,avneet kaur hot
2025-11-08T19:15:29.509638,D:\yt\downloads\3360b447e12d4247be5296fcbc3c95b2_proc_enhanced.mp4,https://youtube.com/watch?v=xjXJwzpsMVY,nushrrat hot
2025-11-08T19:25:47.728667,D:\yt\downloads\6218fb000b9d411e9746caa3f92633b2_proc_enhanced.mp4,https://youtube.com/watch?v=yP59IJ8EbBA,nora hot
2025-11-08T19:29:18.240816,D:\yt\downloads\f5b3ec18247141b2a570a378c655f782_proc_enhanced.mp4,https://youtube.com/watch?v=nPzJjBIv6rs,sakhsi hot
2025-11-08T19:33:36.310384,D:\yt\downloads\bf01e6b5370b43769dc29878f390997b_proc_enhanced.mp4,https://youtube.com/watch?v=EaN0HQy7AUo,sam hot
2025-11-08T19:54:21.632076,downloads\compilation_8_20251108_193336.mp4,https://youtube.com/watch?v=Notu_cwK9cI,ðŸ”¥ 8 Shorts Compilation #2
2025-11-08T19:59:32.662281,D:\yt\downloads\716a275fa1eb4b3ebb6787b4be58b352_proc_enhanced.mp4,https://youtube.com/watch?v=P2oPFIi_4_I,sai hot
2025-11-08T20:04:43.329814,D:\yt\downloads\e8b94a59954949e8a26a0f5d2ec06e5c_proc_enhanced.mp4,https://youtube.com/watch?v=SWbKYfJPgdY,avneet kaur hot
2025-11-08T20:06:57.108453,D:\yt\downloads\c6b71d54b71c43ea9f0a7ea182beaea6_proc_enhanced.mp4,https://youtube.com/watch?v=nLZ1X5MxWzk,janhvi kapoor hot
2025-11-19T21:13:56.814020,D:\code1\yt\downloads\b0130552535e46e38fb6b6b04e7ab5e1_proc_proc_enhanced_norm.mp4,https://youtube.com/watch?v=yHJVqP2-WcQ,Kyile Jenner hot
2025-11-19T21:17:04.181501,D:\code1\yt\downloads\df102d77dbaf4c1c852a45f58cadae24_proc_proc_enhanced_norm.mp4,https://youtube.com/watch?v=lCX-SN8iuVE,Disha patani hot
2025-11-19T21:19:05.899381,D:\code1\yt\downloads\365d75bdfd974d9dbc4c1e5d31126392_proc_proc_enhanced_norm.mp4,https://youtube.com/watch?v=ds8kiGksU8o,Avneet kaur hot
2025-11-19T21:29:51.243904,D:\code1\yt\downloads\ce0a4696d68843bfb27c9d3dde5d65a6_proc_proc_enhanced_norm.mp4,https://youtube.com/watch?v=jS4zVdux59s,Megan hot
2025-11-19T21:32:09.427181,D:\code1\yt\downloads\79806c6294854ad2aef6a64b80851ec6_proc_proc_enhanced_norm.mp4,https://youtube.com/watch?v=OyoZFZU0wgQ,Ananya pandey hot
2025-11-19T21:33:27.655415,D:\code1\yt\downloads\019b15afcaf541469cfc29961227813a_proc_proc_enhanced_norm.mp4,https://youtube.com/watch?v=F7jY9DDQf9Y,Divya bharati hot
2025-11-19T21:35:30.574492,D:\code1\yt\downloads\e305c873a7d749f5847680689c781ae6_proc_proc_enhanced_norm.mp4,https://youtube.com/watch?v=E4L1tXssXDI,Sakshi malik hot
2025-11-19T21:37:45.623975,D:\code1\yt\downloads\7e03a0e33d7f48b3925870e2a16ca848_proc_proc_enhanced_norm.mp4,https://youtube.com/watch?v=VWYiqzfB0Kw,Comatozze
2025-11-19T21:41:48.261695,D:\code1\yt\downloads\f123e38b8d314b18941e2df332870a26_proc_proc_enhanced_norm.mp4,https://youtube.com/watch?v=phu0uwlbzRs,Sree Leela hot
2025-11-19T21:50:25.684872,D:\code1\yt\downloads\631d7b0b82ec4909af74a6d89e6ef098_proc_proc_enhanced_norm.mp4,https://youtube.com/watch?v=QQitcBXSbd4,Samyutha menon hot
2025-11-22T14:05:53.513571,temp\enhanced_avneet_kaur_hot__20251122_193420_proc.mp4,https://youtube.com/watch?v=gqTmiOXVZvI,avneet kaur hot
2025-11-22T15:30:16.028415,downloads\vedika_hot__20251122_210009.mp4,https://www.instagram.com/reel/DRWeOSXDevy/?utm_source=ig_web_copy_link&igsh=NTc4MTIwNjQ2YQ==,vedika_hot
2025-11-22T15:31:02.652475,temp\enhanced_vedika_hot__20251122_210009_remixed.wav,https://youtube.com/watch?v=X5wLdPHkHG0,vedika hot
2025-11-22T15:45:19.081461,downloads\user_1363193987__20251122_211516.mp4,https://www.instagram.com/reel/DRWM4DhjCED/?utm_source=ig_web_copy_link&igsh=MzRlODBiNWFlZA==,user_1363193987
2025-11-22T16:09:45.824068,downloads\user_1363193987__20251122_213942.mp4,https://www.instagram.com/reel/DRVSRZnDOiu/?utm_source=ig_web_copy_link&igsh=MzRlODBiNWFlZA==,user_1363193987
2025-11-22T16:29:53.553989,downloads\user_1363193987__20251122_215949.mp4,https://www.instagram.com/reel/DQjlc-3k0Cd/?utm_source=ig_web_copy_link&igsh=MzRlODBiNWFlZA==,user_1363193987
2025-11-22T19:44:05.079830,merged_videos\final_avneet_kaur_hot.mp4,local_test,avneet_kaur_hot
2025-11-22T20:17:48.285210,merged_videos\final_Palak_tiwari_hot.mp4,local_test,Palak_tiwari_hot
2025-11-22T20:18:01.858522,merged_videos\compilation_2_20251122_201748.mp4,https://youtube.com/watch?v=rnOTBs04wx0,ðŸ”¥ 2 Shorts Compilation #19
2025-11-22T20:48:27.389422,merged_videos\final_Vedika_hot.mp4,local_test,Vedika_hot
2025-11-22T21:01:42.532535,merged_videos\final_Preeti_hot.mp4,local_test,Preeti_hot
2025-11-22T23:00:01.241053,merged_videos\final_anjima_hot.mp4,local_test,anjima_hot
2025-11-22T23:11:54.719613,merged_videos\final_jacqueline_hot.mp4,local_test,jacqueline_hot
2025-11-22T23:14:07.153354,merged_videos\final_rashmika_hot.mp4,local_test,rashmika_hot
2025-11-22T23:40:43.358882,merged_videos\final_nora_hot.mp4,local_test,nora_hot
2025-11-22T23:54:38.076395,merged_videos\final_sam_hot.mp4,local_test,sam_hot
2025-11-23T00:06:57.775664,merged_videos\final_ananya_pandey_hot.mp4,local_test,ananya_pandey_hot
2025-11-23T00:17:50.859213,merged_videos\final_amyradastur_hot.mp4,local_test,amyradastur_hot
2025-11-23T00:33:52.950206,merged_videos\final_Corn.mp4,local_test,Corn
2025-11-23T00:34:16.321442,merged_videos\final_Nora_hot.mp4,local_test,Nora_hot
2025-11-23T00:42:11.013407,merged_videos\final_Aletta_ocean.mp4,local_test,Aletta_ocean
2025-11-23T00:43:45.855874,merged_videos\final_Shriya_saran_hot.mp4,local_test,Shriya_saran_hot
2025-11-23T01:14:15.268084,merged_videos\final_Nora_hot.mp4,local_test,Nora_hot
2025-11-23T01:18:23.518622,merged_videos\final_tara_hot.mp4,local_test,tara_hot
2025-11-23T01:35:19.687094,merged_videos\final_Shefa_hot.mp4,local_test,Shefa_hot
2025-11-23T01:38:59.226400,merged_videos\final_Divya_bharathi_hot.mp4,local_test,Divya_bharathi_hot
2025-11-23T01:43:38.253500,merged_videos\final_Comatozze.mp4,local_test,Comatozze
2025-11-23T01:51:44.275361,merged_videos\final_Disha_patani_hot.mp4,local_test,Disha_patani_hot
